2,1,1,3,0,0,0,322,3,0,0,0,FALSE
3,1,1,4,0,0,0,322,4,0,0,0,FALSE
5,1,1,6,0,0,0,359,5,0,1,0,TRUE
12,1,1,13,0,0,0,395,11,0,2,0,TRUE
20,1,1,21,0,0,0,329,18,0,3,0,FALSE
28,1,1,29,0,0,0,267,25,0,4,0,TRUE
30,1,1,31,0,0,0,431,26,0,5,0,TRUE
33,1,1,34,0,0,0,395,28,0,6,0,TRUE
34,1,1,35,0,0,0,395,28,0,7,0,TRUE
36,1,1,37,0,0,0,395,29,0,8,0,TRUE
42,1,1,43,0,0,0,409,34,0,9,0,TRUE
43,1,1,44,0,0,0,395,34,0,10,0,TRUE
50,1,1,51,0,0,0,327,41,0,10,0,FALSE
57,1,1,58,0,0,0,206,47,0,11,0,FALSE
59,1,1,60,0,0,0,329,48,0,12,0,FALSE
61,1,1,62,0,0,0,290,49,0,13,0,TRUE
64,1,1,65,0,0,0,290,50,0,15,0,TRUE
69,1,1,70,0,0,0,395,54,0,16,0,TRUE
70,1,1,71,0,0,0,409,54,0,17,0,TRUE
78,1,1,79,0,0,0,196,61,0,18,0,TRUE
80,1,1,81,0,0,0,201,63,0,18,0,FALSE
82,1,1,83,0,0,0,432,65,0,18,0,FALSE
83,1,1,84,0,0,0,223,65,0,19,0,TRUE
85,1,1,86,0,0,0,395,66,0,20,0,TRUE
93,1,1,94,0,0,0,290,72,0,22,0,TRUE
96,1,1,97,0,0,0,395,74,0,23,0,TRUE
97,1,1,98,0,0,0,329,75,0,23,0,FALSE
99,1,1,100,0,0,0,266,77,0,23,0,FALSE
100,1,1,101,0,0,0,395,77,0,24,0,TRUE
101,1,1,102,0,0,0,409,77,0,25,0,TRUE
108,1,1,109,0,0,0,395,83,0,26,0,TRUE
111,1,1,112,0,0,0,267,84,0,28,0,TRUE
113,1,1,114,0,0,0,384,85,0,29,0,TRUE
114,1,1,115,0,0,0,395,85,0,30,0,TRUE
115,1,1,116,0,0,0,395,85,0,31,0,TRUE
119,1,1,120,0,0,0,267,88,0,32,0,TRUE
120,1,1,121,0,0,0,395,88,0,33,0,TRUE
124,1,1,125,0,0,0,395,91,0,34,0,TRUE
125,1,1,126,0,0,0,395,91,0,35,0,TRUE
129,1,1,130,0,0,0,303,95,0,35,0,FALSE
133,1,1,134,0,0,0,395,98,0,36,0,TRUE
134,1,1,135,0,0,0,327,99,0,36,0,FALSE
137,1,1,138,0,0,0,409,101,0,37,0,TRUE
139,1,1,140,0,0,0,253,102,0,38,0,TRUE
140,1,1,141,0,0,0,328,103,0,38,0,FALSE
147,1,1,148,0,0,0,395,108,0,40,0,TRUE
151,1,1,152,0,0,0,395,110,0,42,0,TRUE
152,1,1,153,0,0,0,322,111,0,42,0,FALSE
154,1,1,155,0,0,0,255,112,0,43,0,TRUE
156,1,1,157,0,0,0,395,113,0,44,0,TRUE
158,1,1,159,0,0,0,267,114,0,45,0,TRUE
159,1,1,160,0,0,0,201,115,0,45,0,FALSE
160,1,1,161,0,0,0,409,115,0,46,0,TRUE
161,1,1,162,0,0,0,395,115,0,47,0,TRUE
162,1,1,163,0,0,0,409,115,0,48,0,TRUE
164,1,1,165,0,0,0,223,116,0,49,0,TRUE
171,1,1,172,0,0,0,395,122,0,50,0,TRUE
175,1,1,176,0,0,0,395,125,0,51,0,TRUE
176,1,1,177,0,0,0,223,125,0,52,0,TRUE
177,1,1,178,0,0,0,395,125,0,53,0,TRUE
178,1,1,179,0,0,0,395,125,0,54,0,TRUE
179,1,1,180,0,0,0,196,125,0,55,0,TRUE
181,1,1,182,0,0,0,303,127,0,55,0,FALSE
182,1,1,183,0,0,0,409,127,0,56,0,TRUE
183,1,1,184,0,0,0,395,127,0,57,0,TRUE
185,1,1,186,0,0,0,255,128,0,58,0,TRUE
193,1,1,194,0,0,0,409,135,0,59,0,TRUE
198,1,1,199,0,0,0,395,139,0,60,0,TRUE
199,1,1,200,0,0,0,253,139,0,61,0,TRUE
200,1,1,201,0,0,0,266,140,0,61,0,FALSE
205,1,1,206,0,0,0,409,143,0,63,0,TRUE
210,1,1,211,0,0,0,409,147,0,64,0,TRUE
212,1,1,213,0,0,0,395,148,0,65,0,TRUE
213,1,1,214,0,0,0,395,148,0,66,0,TRUE
217,1,1,218,0,0,0,196,150,0,68,0,TRUE
218,1,1,219,0,0,0,359,150,0,69,0,TRUE
219,1,1,220,0,0,0,359,150,0,70,0,TRUE
230,1,1,231,0,0,0,329,160,0,71,0,FALSE
232,1,1,233,0,0,0,395,161,0,72,0,TRUE
239,1,1,240,0,0,0,327,167,0,73,0,FALSE
240,1,1,241,0,0,0,327,168,0,73,0,FALSE
242,1,1,243,0,0,0,223,169,0,74,0,TRUE
250,1,1,251,0,0,0,223,175,0,76,0,TRUE
254,1,1,255,0,0,0,255,178,0,77,0,TRUE
256,1,1,257,0,0,0,395,179,0,78,0,TRUE
258,1,1,259,0,0,0,395,180,0,79,0,TRUE
262,1,1,263,0,0,0,215,183,0,80,0,FALSE
263,1,1,264,0,0,0,395,183,0,81,0,TRUE
264,1,1,265,0,0,0,395,183,0,82,0,TRUE
268,1,1,269,0,0,0,395,185,0,84,0,TRUE
269,1,1,270,0,0,0,395,185,0,85,0,TRUE
270,1,1,271,0,0,0,290,185,0,86,0,TRUE
271,1,1,272,0,0,0,395,185,0,87,0,TRUE
273,1,1,274,0,0,0,409,186,0,88,0,TRUE
278,1,1,279,0,0,0,395,189,0,90,0,TRUE
280,1,1,281,0,0,0,267,190,0,91,0,TRUE
281,1,1,282,0,0,0,389,191,0,91,0,FALSE
282,1,1,283,0,0,0,223,191,0,92,0,TRUE
284,1,1,285,0,0,0,409,192,0,93,0,TRUE
285,1,1,286,0,0,0,432,193,0,93,0,FALSE
287,1,1,288,0,0,0,217,195,0,93,0,FALSE
290,1,1,291,0,0,0,395,196,0,95,0,TRUE
292,1,1,293,0,0,0,290,197,0,96,0,TRUE
294,1,1,295,0,0,0,255,198,0,97,0,TRUE
296,1,1,297,0,0,0,328,199,0,98,0,FALSE
298,1,1,299,0,0,0,415,200,0,99,0,TRUE
304,1,1,305,0,0,0,290,205,0,100,0,TRUE
305,1,1,306,0,0,0,395,205,0,101,0,TRUE
306,1,1,307,0,0,0,255,205,0,102,0,TRUE
307,1,1,308,0,0,0,328,206,0,102,0,FALSE
313,1,1,314,0,0,0,395,210,0,104,0,TRUE
316,1,1,317,0,0,0,253,212,0,105,0,TRUE
318,1,1,319,0,0,0,395,213,0,106,0,TRUE
322,1,1,323,0,0,0,395,216,0,107,0,TRUE
326,1,1,327,0,0,0,322,220,0,107,0,FALSE
327,1,1,328,0,0,0,337,220,0,108,0,TRUE
330,1,1,331,0,0,0,395,221,0,110,0,TRUE
332,1,1,333,0,0,0,409,222,0,111,0,TRUE
333,1,1,334,0,0,0,223,222,0,112,0,TRUE
335,1,1,336,0,0,0,395,223,0,113,0,TRUE
340,1,1,341,0,0,0,337,226,0,115,0,TRUE
342,1,1,343,0,0,0,395,227,0,116,0,TRUE
344,1,1,345,0,0,0,395,228,0,117,0,TRUE
345,1,1,346,0,0,0,327,229,0,117,0,FALSE
346,1,1,347,0,0,0,196,229,0,118,0,TRUE
347,1,1,348,0,0,0,255,229,0,119,0,TRUE
350,1,1,351,0,0,0,395,231,0,120,0,TRUE
351,1,1,352,0,0,0,409,231,0,121,0,TRUE
352,1,1,353,0,0,0,395,231,0,122,0,TRUE
354,1,1,355,0,0,0,415,232,0,123,0,TRUE
356,1,1,357,0,0,0,395,233,0,124,0,TRUE
357,1,1,358,0,0,0,196,233,0,125,0,TRUE
360,1,1,361,0,0,0,395,235,0,126,0,TRUE
363,1,1,364,0,0,0,196,237,0,127,0,TRUE
366,1,1,367,0,0,0,407,238,0,129,0,TRUE
370,1,1,371,0,0,0,432,242,0,129,0,FALSE
371,1,1,372,0,0,0,223,242,0,130,0,TRUE
375,1,1,376,0,0,0,255,245,0,131,0,TRUE
377,1,1,378,0,0,0,395,246,0,132,0,TRUE
382,1,1,383,0,0,0,395,249,0,134,0,TRUE
387,1,1,388,0,0,0,395,252,0,136,0,TRUE
388,1,1,389,0,0,0,290,252,0,137,0,TRUE
389,1,1,390,0,0,0,262,252,0,138,0,TRUE
390,1,1,391,0,0,0,223,252,0,139,0,TRUE
391,1,1,392,0,0,0,201,253,0,139,0,FALSE
394,1,1,395,0,0,0,196,255,0,140,0,TRUE
398,1,1,399,0,0,0,409,257,0,142,0,TRUE
399,1,1,400,0,0,0,359,257,0,143,0,TRUE
401,1,1,402,0,0,0,395,258,0,144,0,TRUE
414,1,1,415,0,0,0,322,269,0,146,0,FALSE
415,1,1,416,0,0,0,395,269,0,147,0,TRUE
416,1,1,417,0,0,0,359,269,0,148,0,TRUE
417,1,1,418,0,0,0,303,270,0,148,0,FALSE
422,1,1,423,0,0,0,359,273,0,150,0,TRUE
427,1,1,428,0,0,0,409,277,0,151,0,TRUE
428,1,1,429,0,0,0,409,277,0,152,0,TRUE
429,1,1,430,0,0,0,328,278,0,152,0,FALSE
441,1,1,442,0,0,0,337,288,0,154,0,TRUE
442,1,1,443,0,0,0,266,289,0,154,0,FALSE
447,1,1,448,0,0,0,395,293,0,155,0,TRUE
451,1,1,452,0,0,0,255,296,0,156,0,TRUE
453,1,1,454,0,0,0,322,298,0,156,0,FALSE
456,1,1,457,0,0,0,206,301,0,156,0,FALSE
458,1,1,459,0,0,0,395,302,0,157,0,TRUE
460,1,1,461,0,0,0,409,303,0,158,0,TRUE
462,1,1,463,0,0,0,223,304,0,159,0,TRUE
463,1,1,464,0,0,0,215,305,0,159,0,FALSE
470,1,1,471,0,0,0,217,311,0,160,0,FALSE
474,1,1,475,0,0,0,322,314,0,161,0,FALSE
477,1,1,478,0,0,0,395,316,0,162,0,TRUE
478,1,1,479,0,0,0,328,317,0,162,0,FALSE
483,1,1,484,0,0,0,223,321,0,163,0,TRUE
489,1,1,490,0,0,0,290,326,0,164,0,TRUE
495,1,1,496,0,0,0,223,331,0,165,0,TRUE
496,1,1,497,0,0,0,328,332,0,165,0,FALSE
497,1,1,498,0,0,0,196,332,0,166,0,TRUE
498,1,1,499,0,0,0,395,332,0,167,0,TRUE
502,1,1,503,0,0,0,337,335,0,168,0,TRUE
504,1,1,505,0,0,0,395,336,0,169,0,TRUE
505,1,1,506,0,0,0,206,337,0,169,0,FALSE
507,1,1,508,0,0,0,395,337,0,171,0,TRUE
508,1,1,509,0,0,0,409,337,0,172,0,TRUE
509,1,1,510,0,0,0,395,337,0,173,0,TRUE
514,1,1,515,0,0,0,359,341,0,174,0,TRUE
516,1,1,517,0,0,0,395,342,0,175,0,TRUE
523,1,1,524,0,0,0,327,348,0,176,0,FALSE
524,1,1,525,0,0,0,409,348,0,177,0,TRUE
525,1,1,526,0,0,0,431,348,0,178,0,TRUE
530,1,1,531,0,0,0,337,352,0,179,0,TRUE
534,1,1,535,0,0,0,395,355,0,180,0,TRUE
540,1,1,541,0,0,0,395,360,0,181,0,TRUE
544,1,1,545,0,0,0,196,363,0,182,0,TRUE
547,1,1,548,0,0,0,395,364,0,184,0,TRUE
548,1,1,549,0,0,0,196,364,0,185,0,TRUE
550,1,1,551,0,0,0,328,366,0,185,0,FALSE
552,1,1,553,0,0,0,395,367,0,186,0,TRUE
553,1,1,554,0,0,0,322,368,0,186,0,FALSE
556,1,1,557,0,0,0,328,370,0,187,0,FALSE
559,1,1,560,0,0,0,253,372,0,188,0,TRUE
562,1,1,563,0,0,0,223,374,0,189,0,TRUE
564,1,1,565,0,0,0,196,375,0,190,0,TRUE
568,1,1,569,0,0,0,215,378,0,191,0,FALSE
570,1,1,571,0,0,0,395,379,0,192,0,TRUE
571,1,1,572,0,0,0,328,380,0,192,0,FALSE
574,1,1,575,0,0,0,196,382,0,193,0,TRUE
590,1,1,591,0,0,0,409,394,0,197,0,TRUE
600,1,1,601,0,0,0,395,403,0,198,0,TRUE
604,1,1,605,0,0,0,395,405,0,200,0,TRUE
606,1,1,607,0,0,0,395,406,0,201,0,TRUE
607,1,1,608,0,0,0,266,407,0,201,0,FALSE
608,1,1,609,0,0,0,328,408,0,201,0,FALSE
611,1,1,612,0,0,0,255,410,0,202,0,TRUE
615,1,1,616,0,0,0,223,411,0,205,0,TRUE
619,1,1,620,0,0,0,223,413,0,207,0,TRUE
625,1,1,626,0,0,0,327,419,0,207,0,FALSE
627,1,1,628,0,0,0,337,420,0,208,0,TRUE
628,1,1,629,0,0,0,395,420,0,209,0,TRUE
629,1,1,630,0,0,0,337,420,0,210,0,TRUE
633,1,1,634,0,0,0,395,422,0,212,0,TRUE
637,1,1,638,0,0,0,223,425,0,213,0,TRUE
639,1,1,640,0,0,0,395,426,0,214,0,TRUE
645,1,1,646,0,0,0,395,431,0,215,0,TRUE
648,1,1,649,0,0,0,223,431,0,218,0,TRUE
649,1,1,650,0,0,0,223,431,0,219,0,TRUE
652,1,1,653,0,0,0,395,433,0,220,0,TRUE
656,1,1,657,0,0,0,290,436,0,221,0,TRUE
657,1,1,658,0,0,0,223,436,0,222,0,TRUE
658,1,1,659,0,0,0,395,436,0,223,0,TRUE
659,1,1,660,0,0,0,328,437,0,223,0,FALSE
661,1,1,662,0,0,0,395,438,0,224,0,TRUE
663,1,1,664,0,0,0,395,439,0,225,0,TRUE
665,1,1,666,0,0,0,266,441,0,225,0,FALSE
667,1,1,668,0,0,0,409,442,0,226,0,TRUE
672,1,1,673,0,0,0,267,445,0,228,0,TRUE
680,1,1,681,0,0,0,395,452,0,229,0,TRUE
681,1,1,682,0,0,0,328,453,0,229,0,FALSE
683,1,1,684,0,0,0,395,454,0,230,0,TRUE
684,1,1,685,0,0,0,201,455,0,230,0,FALSE
685,1,1,686,0,0,0,409,455,0,231,0,TRUE
692,1,1,693,0,0,0,395,460,0,233,0,TRUE
694,1,1,695,0,0,0,337,461,0,234,0,TRUE
699,1,1,700,0,0,0,223,465,0,235,0,TRUE
700,1,1,701,0,0,0,255,465,0,236,0,TRUE
701,1,1,702,0,0,0,395,465,0,237,0,TRUE
702,1,1,703,0,0,0,409,465,0,238,0,TRUE
703,1,1,704,0,0,0,415,465,0,239,0,TRUE
704,1,1,705,0,0,0,359,465,0,240,0,TRUE
709,1,1,710,0,0,0,395,468,0,242,0,TRUE
710,1,1,711,0,0,0,328,469,0,242,0,FALSE
712,1,1,713,0,0,0,255,470,0,243,0,TRUE
713,1,1,714,0,0,0,290,470,0,244,0,TRUE
715,1,1,716,0,0,0,395,471,0,245,0,TRUE
717,1,1,718,0,0,0,416,472,0,246,0,TRUE
721,1,1,722,0,0,0,328,475,0,247,0,FALSE
726,1,1,727,0,0,0,395,477,0,250,0,TRUE
727,1,1,728,0,0,0,395,477,0,251,0,TRUE
728,1,1,729,0,0,0,395,477,0,252,0,TRUE
729,1,1,730,0,0,0,431,477,0,253,0,TRUE
732,1,1,733,0,0,0,196,479,0,254,0,TRUE
734,1,1,735,0,0,0,395,480,0,255,0,TRUE
735,1,1,736,0,0,0,395,480,0,256,0,TRUE
736,1,1,737,0,0,0,395,480,0,257,0,TRUE
738,1,1,739,0,0,0,415,481,0,258,0,TRUE
741,1,1,742,0,0,0,255,482,0,260,0,TRUE
743,1,1,744,0,0,0,409,483,0,261,0,TRUE
744,1,1,745,0,0,0,395,483,0,262,0,TRUE
745,1,1,746,0,0,0,395,483,0,263,0,TRUE
746,1,1,747,0,0,0,395,483,0,264,0,TRUE
748,1,1,749,0,0,0,395,484,0,265,0,TRUE
752,1,1,753,0,0,0,395,486,0,267,0,TRUE
754,1,1,755,0,0,0,290,486,0,269,0,TRUE
758,1,1,759,0,0,0,409,489,0,270,0,TRUE
767,1,1,768,0,0,0,329,497,0,271,0,FALSE
771,1,1,772,0,0,0,327,500,0,272,0,FALSE
772,1,1,773,0,0,0,196,500,0,273,0,TRUE
774,1,1,775,0,0,0,223,501,0,274,0,TRUE
776,1,1,777,0,0,0,409,502,0,275,0,TRUE
778,1,1,779,0,0,0,223,503,0,276,0,TRUE
781,1,1,782,0,0,0,395,505,0,277,0,TRUE
785,1,1,786,0,0,0,328,508,0,278,0,FALSE
788,1,1,789,0,0,0,409,510,0,279,0,TRUE
790,1,1,791,0,0,0,196,511,0,280,0,TRUE
792,1,1,793,0,0,0,395,512,0,281,0,TRUE
793,1,1,794,0,0,0,395,512,0,282,0,TRUE
794,1,1,795,0,0,0,419,513,0,282,0,FALSE
798,1,1,799,0,0,0,395,516,0,283,0,TRUE
800,1,1,801,0,0,0,431,517,0,284,0,TRUE
803,1,1,804,0,0,0,196,519,0,285,0,TRUE
807,1,1,808,0,0,0,395,522,0,286,0,TRUE
811,1,1,812,0,0,0,395,524,0,288,0,TRUE
815,1,1,816,0,0,0,409,527,0,289,0,TRUE
818,1,1,819,0,0,0,395,529,0,290,0,TRUE
821,1,1,822,0,0,0,329,532,0,290,0,FALSE
825,1,1,826,0,0,0,395,535,0,291,0,TRUE
827,1,1,828,0,0,0,290,536,0,292,0,TRUE
828,1,1,829,0,0,0,337,536,0,293,0,TRUE
830,1,1,831,0,0,0,255,537,0,294,0,TRUE
831,1,1,832,0,0,0,328,538,0,294,0,FALSE
835,1,1,836,0,0,0,395,541,0,295,0,TRUE
839,1,1,840,0,0,0,255,544,0,296,0,TRUE
840,1,1,841,0,0,0,223,544,0,297,0,TRUE
841,1,1,842,0,0,0,267,544,0,298,0,TRUE
843,1,1,844,0,0,0,415,545,0,299,0,TRUE
846,1,1,847,0,0,0,255,547,0,300,0,TRUE
848,1,1,849,0,0,0,395,548,0,301,0,TRUE
849,1,1,850,0,0,0,409,548,0,302,0,TRUE
855,1,1,856,0,0,0,395,553,0,303,0,TRUE
858,1,1,859,0,0,0,419,556,0,303,0,FALSE
861,1,1,862,0,0,0,196,558,0,304,0,TRUE
870,1,1,871,0,0,0,223,564,0,307,0,TRUE
871,1,1,872,0,0,0,223,564,0,308,0,TRUE
872,1,1,873,0,0,0,395,564,0,309,0,TRUE
873,1,1,874,0,0,0,337,564,0,310,0,TRUE
876,1,1,877,0,0,0,359,566,0,311,0,TRUE
878,1,1,879,0,0,0,267,567,0,312,0,TRUE
879,1,1,880,0,0,0,395,567,0,313,0,TRUE
883,1,1,884,0,0,0,201,571,0,313,0,FALSE
886,1,1,887,0,0,0,223,573,0,314,0,TRUE
894,1,1,895,0,0,0,409,580,0,315,0,TRUE
895,1,1,896,0,0,0,290,580,0,316,0,TRUE
896,1,1,897,0,0,0,395,580,0,317,0,TRUE
899,1,1,900,0,0,0,395,581,0,319,0,TRUE
904,1,1,905,0,0,0,223,585,0,320,0,TRUE
905,1,1,906,0,0,0,223,585,0,321,0,TRUE
907,1,1,908,0,0,0,223,586,0,322,0,TRUE
911,1,1,912,0,0,0,395,589,0,323,0,TRUE
912,1,1,913,0,0,0,201,590,0,323,0,FALSE
914,1,1,915,0,0,0,395,591,0,324,0,TRUE
915,1,1,916,0,0,0,395,591,0,325,0,TRUE
916,1,1,917,0,0,0,395,591,0,326,0,TRUE
918,1,1,919,0,0,0,223,592,0,327,0,TRUE
919,1,1,920,0,0,0,395,592,0,328,0,TRUE
921,1,1,922,0,0,0,395,593,0,329,0,TRUE
925,1,1,926,0,0,0,409,596,0,330,0,TRUE
933,1,1,934,0,0,0,395,601,0,333,0,TRUE
937,1,1,938,0,0,0,389,605,0,333,0,FALSE
938,1,1,939,0,0,0,409,605,0,334,0,TRUE
948,1,1,949,0,0,0,255,613,0,336,0,TRUE
950,1,1,951,0,0,0,255,614,0,337,0,TRUE
955,1,1,956,0,0,0,409,618,0,338,0,TRUE
958,1,1,959,0,0,0,395,620,0,339,0,TRUE
959,1,1,960,0,0,0,409,620,0,340,0,TRUE
960,1,1,961,0,0,0,359,620,0,341,0,TRUE
967,1,1,968,0,0,0,255,626,0,342,0,TRUE
969,1,1,970,0,0,0,208,626,0,344,0,TRUE
977,1,1,978,0,0,0,395,633,0,345,0,TRUE
978,1,1,979,0,0,0,395,633,0,346,0,TRUE
979,1,1,980,0,0,0,395,633,0,347,0,TRUE
984,1,1,985,0,0,0,322,638,0,347,0,FALSE
985,1,1,986,0,0,0,395,638,0,348,0,TRUE
987,1,1,988,0,0,0,395,638,0,350,0,TRUE
988,1,1,989,0,0,0,395,638,0,351,0,TRUE
991,1,1,992,0,0,0,215,641,0,351,0,FALSE
992,1,1,993,0,0,0,395,641,0,352,0,TRUE
994,1,1,995,0,0,0,359,642,0,353,0,TRUE
999,1,1,1000,0,0,0,359,645,0,355,0,TRUE
1000,1,1,1001,0,0,0,395,645,0,356,0,TRUE
1002,1,1,1003,0,0,0,266,646,0,357,0,FALSE
1004,1,1,1005,0,0,0,223,647,0,358,0,TRUE
1007,1,1,1008,0,0,0,395,649,0,359,0,TRUE
1010,1,1,1011,0,0,0,395,651,0,360,0,TRUE
1014,1,1,1015,0,0,0,328,654,0,361,0,FALSE
1021,1,1,1022,0,0,0,201,661,0,361,0,FALSE
1022,1,1,1023,0,0,0,303,662,0,361,0,FALSE
1023,1,1,1024,0,0,0,223,662,0,362,0,TRUE
1026,1,1,1027,0,0,0,395,664,0,363,0,TRUE
1027,1,1,1028,0,0,0,409,664,0,364,0,TRUE
1029,1,1,1030,0,0,0,395,665,0,365,0,TRUE
1032,1,1,1033,0,0,0,395,667,0,366,0,TRUE
1033,1,1,1034,0,0,0,290,667,0,367,0,TRUE
1038,1,1,1039,0,0,0,395,671,0,368,0,TRUE
1040,1,1,1041,0,0,0,223,672,0,369,0,TRUE
1043,1,1,1044,0,0,0,330,675,0,369,0,FALSE
1047,1,1,1048,0,0,0,395,678,0,370,0,TRUE
1049,1,1,1050,0,0,0,384,679,0,371,0,TRUE
1050,1,1,1051,0,0,0,395,679,0,372,0,TRUE
1054,1,1,1055,0,0,0,395,682,0,373,0,TRUE
1055,1,1,1056,0,0,0,409,682,0,374,0,TRUE
1057,1,1,1058,0,0,0,409,683,0,375,0,TRUE
1058,1,1,1059,0,0,0,395,683,0,376,0,TRUE
1059,1,1,1060,0,0,0,395,683,0,377,0,TRUE
1062,1,1,1063,0,0,0,208,685,0,378,0,TRUE
1063,1,1,1064,0,0,0,196,685,0,379,0,TRUE
1069,1,1,1070,0,0,0,201,688,0,382,0,FALSE
1070,1,1,1071,0,0,0,201,689,0,382,0,FALSE
1071,1,1,1072,0,0,0,395,689,0,383,0,TRUE
1072,1,1,1073,0,0,0,329,690,0,383,0,FALSE
1073,1,1,1074,0,0,0,208,690,0,384,0,TRUE
1074,1,1,1075,0,0,0,395,690,0,385,0,TRUE
1079,1,1,1080,0,0,0,395,694,0,386,0,TRUE
1085,1,1,1086,0,0,0,223,699,0,387,0,TRUE
1087,1,1,1088,0,0,0,395,700,0,388,0,TRUE
1088,1,1,1089,0,0,0,290,700,0,389,0,TRUE
1090,1,1,1091,0,0,0,395,701,0,390,0,TRUE
1093,1,1,1094,0,0,0,395,703,0,391,0,TRUE
1095,1,1,1096,0,0,0,330,705,0,391,0,FALSE
1102,1,1,1103,0,0,0,266,710,0,393,0,FALSE
1105,1,1,1106,0,0,0,395,712,0,394,0,TRUE
1111,1,1,1112,0,0,0,359,717,0,395,0,TRUE
1115,1,1,1116,0,0,0,201,720,0,396,0,FALSE
1117,1,1,1118,0,0,0,266,722,0,396,0,FALSE
1119,1,1,1120,0,0,0,409,723,0,397,0,TRUE
1120,1,1,1121,0,0,0,303,724,0,397,0,FALSE
1121,1,1,1122,0,0,0,215,725,0,397,0,FALSE
1124,1,1,1125,0,0,0,255,727,0,398,0,TRUE
1125,1,1,1126,0,0,0,395,727,0,399,0,TRUE
1126,1,1,1127,0,0,0,395,727,0,400,0,TRUE
1129,1,1,1130,0,0,0,395,729,0,401,0,TRUE
1130,1,1,1131,0,0,0,395,729,0,402,0,TRUE
1132,1,1,1133,0,0,0,290,730,0,403,0,TRUE
1133,1,1,1134,0,0,0,395,730,0,404,0,TRUE
1134,1,1,1135,0,0,0,395,730,0,405,0,TRUE
1138,1,1,1139,0,0,0,328,734,0,405,0,FALSE
1139,1,1,1140,0,0,0,329,735,0,405,0,FALSE
1140,1,1,1141,0,0,0,255,735,0,406,0,TRUE
1145,1,1,1146,0,0,0,243,739,0,407,0,TRUE
1148,1,1,1149,0,0,0,431,741,0,408,0,TRUE
1153,1,1,1154,0,0,0,328,746,0,408,0,FALSE
1158,1,1,1159,0,0,0,329,751,0,408,0,FALSE
1160,1,1,1161,0,0,0,395,752,0,409,0,TRUE
1161,1,1,1162,0,0,0,337,752,0,410,0,TRUE
1162,1,1,1163,0,0,0,395,752,0,411,0,TRUE
1166,1,1,1167,0,0,0,223,754,0,413,0,TRUE
1169,1,1,1170,0,0,0,389,757,0,413,0,FALSE
1170,1,1,1171,0,0,0,395,757,0,414,0,TRUE
1171,1,1,1172,0,0,0,395,757,0,415,0,TRUE
1172,1,1,1173,0,0,0,431,757,0,416,0,TRUE
1174,1,1,1175,0,0,0,395,758,0,417,0,TRUE
1175,1,1,1176,0,0,0,243,758,0,418,0,TRUE
1177,1,1,1178,0,0,0,416,759,0,419,0,TRUE
1178,1,1,1179,0,0,0,328,760,0,419,0,FALSE
1179,1,1,1180,0,0,0,290,760,0,420,0,TRUE
1184,1,1,1185,0,0,0,395,764,0,421,0,TRUE
1185,1,1,1186,0,0,0,223,764,0,422,0,TRUE
1187,1,1,1188,0,0,0,328,766,0,422,0,FALSE
1190,1,1,1191,0,0,0,395,768,0,423,0,TRUE
1191,1,1,1192,0,0,0,409,768,0,424,0,TRUE
1192,1,1,1193,0,0,0,395,768,0,425,0,TRUE
1193,1,1,1194,0,0,0,395,768,0,426,0,TRUE
1199,1,1,1200,0,0,0,395,773,0,427,0,TRUE
1200,1,1,1201,0,0,0,395,773,0,428,0,TRUE
1202,1,1,1203,0,0,0,395,774,0,429,0,TRUE
1205,1,1,1206,0,0,0,223,776,0,430,0,TRUE
1208,1,1,1209,0,0,0,196,778,0,431,0,TRUE
1209,1,1,1210,0,0,0,395,778,0,432,0,TRUE
1211,1,1,1212,0,0,0,329,780,0,432,0,FALSE
1213,1,1,1214,0,0,0,395,780,0,434,0,TRUE
1217,1,1,1218,0,0,0,409,783,0,435,0,TRUE
1220,1,1,1221,0,0,0,395,785,0,436,0,TRUE
1221,1,1,1222,0,0,0,395,785,0,437,0,TRUE
1228,1,1,1229,0,0,0,267,790,0,439,0,TRUE
1231,1,1,1232,0,0,0,395,792,0,440,0,TRUE
1235,1,1,1236,0,0,0,255,795,0,441,0,TRUE
1240,1,1,1241,0,0,0,395,799,0,442,0,TRUE
1241,1,1,1242,0,0,0,395,799,0,443,0,TRUE
1242,1,1,1243,0,0,0,395,799,0,444,0,TRUE
1247,1,1,1248,0,0,0,395,803,0,445,0,TRUE
1248,1,1,1249,0,0,0,255,803,0,446,0,TRUE
1249,1,1,1250,0,0,0,223,803,0,447,0,TRUE
1252,1,1,1253,0,0,0,267,805,0,448,0,TRUE
1253,1,1,1254,0,0,0,196,805,0,449,0,TRUE
1255,1,1,1256,0,0,0,290,806,0,450,0,TRUE
1257,1,1,1258,0,0,0,395,807,0,451,0,TRUE
1262,1,1,1263,0,0,0,395,811,0,452,0,TRUE
1263,1,1,1264,0,0,0,266,812,0,452,0,FALSE
1266,1,1,1267,0,0,0,201,814,0,453,0,FALSE
1269,1,1,1270,0,0,0,243,815,0,455,0,TRUE
1273,1,1,1274,0,0,0,395,816,0,458,0,TRUE
1276,1,1,1277,0,0,0,395,818,0,459,0,TRUE
1282,1,1,1283,0,0,0,395,822,0,461,0,TRUE
1285,1,1,1286,0,0,0,415,824,0,462,0,TRUE
1289,1,1,1290,0,0,0,395,827,0,463,0,TRUE
1292,1,1,1293,0,0,0,201,830,0,463,0,FALSE
1293,1,1,1294,0,0,0,215,831,0,463,0,FALSE
1296,1,1,1297,0,0,0,395,833,0,464,0,TRUE
1298,1,1,1299,0,0,0,395,834,0,465,0,TRUE
1299,1,1,1300,0,0,0,223,834,0,466,0,TRUE
1300,1,1,1301,0,0,0,389,835,0,466,0,FALSE
1301,1,1,1302,0,0,0,395,835,0,467,0,TRUE
1303,1,1,1304,0,0,0,395,836,0,468,0,TRUE
1305,1,1,1306,0,0,0,409,837,0,469,0,TRUE
1306,1,1,1307,0,0,0,223,837,0,470,0,TRUE
1309,1,1,1310,0,0,0,395,838,0,472,0,TRUE
1317,1,1,1318,0,0,0,223,843,0,475,0,TRUE
1319,1,1,1320,0,0,0,303,845,0,475,0,FALSE
1322,1,1,1323,0,0,0,337,846,0,477,0,TRUE
1324,1,1,1325,0,0,0,328,848,0,477,0,FALSE
1328,1,1,1329,0,0,0,419,851,0,478,0,FALSE
1329,1,1,1330,0,0,0,222,852,0,478,0,FALSE
1331,1,1,1332,0,0,0,395,853,0,479,0,TRUE
1333,1,1,1334,0,0,0,196,853,0,481,0,TRUE
1334,1,1,1335,0,0,0,395,853,0,482,0,TRUE
1335,1,1,1336,0,0,0,395,853,0,483,0,TRUE
1336,1,1,1337,0,0,0,201,854,0,483,0,FALSE
1338,1,1,1339,0,0,0,395,855,0,484,0,TRUE
1340,1,1,1341,0,0,0,196,856,0,485,0,TRUE
1343,1,1,1344,0,0,0,389,859,0,485,0,FALSE
1347,1,1,1348,0,0,0,395,862,0,486,0,TRUE
1351,1,1,1352,0,0,0,255,865,0,487,0,TRUE
1354,1,1,1355,0,0,0,395,867,0,488,0,TRUE
1356,1,1,1357,0,0,0,409,868,0,489,0,TRUE
1360,1,1,1361,0,0,0,416,871,0,490,0,TRUE
1361,1,1,1362,0,0,0,395,871,0,491,0,TRUE
1363,1,1,1364,0,0,0,395,872,0,492,0,TRUE
1365,1,1,1366,0,0,0,409,873,0,493,0,TRUE
1372,1,1,1373,0,0,0,395,879,0,494,0,TRUE
1381,1,1,1382,0,0,0,395,885,0,497,0,TRUE
1383,1,1,1384,0,0,0,395,886,0,498,0,TRUE
1384,1,1,1385,0,0,0,395,886,0,499,0,TRUE
1386,1,1,1387,0,0,0,327,888,0,499,0,FALSE
1387,1,1,1388,0,0,0,395,888,0,500,0,TRUE
1390,1,1,1391,0,0,0,330,891,0,500,0,FALSE
1393,1,1,1394,0,0,0,395,893,0,501,0,TRUE
1395,1,1,1396,0,0,0,395,894,0,502,0,TRUE
1396,1,1,1397,0,0,0,395,894,0,503,0,TRUE
1398,1,1,1399,0,0,0,395,895,0,504,0,TRUE
1400,1,1,1401,0,0,0,328,897,0,504,0,FALSE
1401,1,1,1402,0,0,0,359,897,0,505,0,TRUE
1402,1,1,1403,0,0,0,322,898,0,505,0,FALSE
1405,1,1,1406,0,0,0,395,900,0,506,0,TRUE
1408,1,1,1409,0,0,0,328,903,0,506,0,FALSE
1409,1,1,1410,0,0,0,395,903,0,507,0,TRUE
1410,1,1,1411,0,0,0,409,903,0,508,0,TRUE
1414,1,1,1415,0,0,0,395,906,0,509,0,TRUE
1418,1,1,1419,0,0,0,196,909,0,510,0,TRUE
1420,1,1,1421,0,0,0,395,910,0,511,0,TRUE
1425,1,1,1426,0,0,0,266,914,0,512,0,FALSE
1426,1,1,1427,0,0,0,255,914,0,513,0,TRUE
1427,1,1,1428,0,0,0,395,914,0,514,0,TRUE
1430,1,1,1431,0,0,0,395,916,0,515,0,TRUE
1435,1,1,1436,0,0,0,223,919,0,517,0,TRUE
1437,1,1,1438,0,0,0,223,920,0,518,0,TRUE
1438,1,1,1439,0,0,0,409,920,0,519,0,TRUE
1439,1,1,1440,0,0,0,328,921,0,519,0,FALSE
1441,1,1,1442,0,0,0,395,922,0,520,0,TRUE
1446,1,1,1447,0,0,0,328,927,0,520,0,FALSE
1452,1,1,1453,0,0,0,395,931,0,522,0,TRUE
1456,1,1,1457,0,0,0,267,934,0,523,0,TRUE
1458,1,1,1459,0,0,0,322,936,0,523,0,FALSE
1460,1,1,1461,0,0,0,395,937,0,524,0,TRUE
1464,1,1,1465,0,0,0,290,939,0,526,0,TRUE
1465,1,1,1466,0,0,0,409,939,0,527,0,TRUE
1468,1,1,1469,0,0,0,208,940,0,529,0,TRUE
1475,1,1,1476,0,0,0,395,945,0,531,0,TRUE
1478,1,1,1479,0,0,0,322,948,0,531,0,FALSE
1479,1,1,1480,0,0,0,419,949,0,531,0,FALSE
1480,1,1,1481,0,0,0,395,949,0,532,0,TRUE
1487,1,1,1488,0,0,0,395,955,0,533,0,TRUE
1488,1,1,1489,0,0,0,267,955,0,534,0,TRUE
1490,1,1,1491,0,0,0,395,956,0,535,0,TRUE
1498,1,1,1499,0,0,0,395,963,0,536,0,TRUE
1501,1,1,1502,0,0,0,395,965,0,537,0,TRUE
1503,1,1,1504,0,0,0,395,966,0,538,0,TRUE
1504,1,1,1505,0,0,0,416,966,0,539,0,TRUE
1510,1,1,1511,0,0,0,290,971,0,540,0,TRUE
1511,1,1,1512,0,0,0,255,971,0,541,0,TRUE
1512,1,1,1513,0,0,0,395,971,0,542,0,TRUE
1513,1,1,1514,0,0,0,267,971,0,543,0,TRUE
1514,1,1,1515,0,0,0,201,972,0,543,0,FALSE
1517,1,1,1518,0,0,0,201,974,0,544,0,FALSE
1518,1,1,1519,0,0,0,395,974,0,545,0,TRUE
1522,1,1,1523,0,0,0,290,976,0,547,0,TRUE
1523,1,1,1524,0,0,0,395,976,0,548,0,TRUE
1525,1,1,1526,0,0,0,201,978,0,548,0,FALSE
1526,1,1,1527,0,0,0,328,979,0,548,0,FALSE
1532,1,1,1533,0,0,0,395,984,0,549,0,TRUE
1538,1,1,1539,0,0,0,395,988,0,551,0,TRUE
1543,1,1,1544,0,0,0,395,992,0,552,0,TRUE
1545,1,1,1546,0,0,0,330,994,0,552,0,FALSE
1546,1,1,1547,0,0,0,255,994,0,553,0,TRUE
1548,1,1,1549,0,0,0,409,995,0,554,0,TRUE
1553,1,1,1554,0,0,0,395,999,0,555,0,TRUE
1554,1,1,1555,0,0,0,290,999,0,556,0,TRUE
1556,1,1,1557,0,0,0,322,1001,0,556,0,FALSE
1561,1,1,1562,0,0,0,253,1005,0,557,0,TRUE
1563,1,1,1564,0,0,0,223,1006,0,558,0,TRUE
1564,1,1,1565,0,0,0,409,1006,0,559,0,TRUE
1565,1,1,1566,0,0,0,395,1006,0,560,0,TRUE
1566,1,1,1567,0,0,0,416,1006,0,561,0,TRUE
1569,1,1,1570,0,0,0,395,1008,0,562,0,TRUE
1572,1,1,1573,0,0,0,395,1010,0,563,0,TRUE
1573,1,1,1574,0,0,0,223,1010,0,564,0,TRUE
1574,1,1,1575,0,0,0,395,1010,0,565,0,TRUE
1575,1,1,1576,0,0,0,223,1010,0,566,0,TRUE
1576,1,1,1577,0,0,0,322,1011,0,566,0,FALSE
1577,1,1,1578,0,0,0,395,1011,0,567,0,TRUE
1579,1,1,1580,0,0,0,337,1012,0,568,0,TRUE
1581,1,1,1582,0,0,0,266,1014,0,568,0,FALSE
1583,1,1,1584,0,0,0,196,1015,0,569,0,TRUE
1585,1,1,1586,0,0,0,409,1016,0,570,0,TRUE
1595,1,1,1596,0,0,0,329,1025,0,571,0,FALSE
1596,1,1,1597,0,0,0,415,1025,0,572,0,TRUE
1602,1,1,1603,0,0,0,267,1030,0,573,0,TRUE
1604,1,1,1605,0,0,0,223,1031,0,574,0,TRUE
1608,1,1,1609,0,0,0,395,1034,0,575,0,TRUE
1609,1,1,1610,0,0,0,395,1034,0,576,0,TRUE
1612,1,1,1613,0,0,0,395,1036,0,577,0,TRUE
1613,1,1,1614,0,0,0,253,1036,0,578,0,TRUE
1614,1,1,1615,0,0,0,223,1036,0,579,0,TRUE
1615,1,1,1616,0,0,0,395,1036,0,580,0,TRUE
1621,1,1,1622,0,0,0,407,1041,0,581,0,TRUE
1626,1,1,1627,0,0,0,303,1045,0,582,0,FALSE
1629,1,1,1630,0,0,0,409,1047,0,583,0,TRUE
1632,1,1,1633,0,0,0,337,1049,0,584,0,TRUE
1635,1,1,1636,0,0,0,215,1052,0,584,0,FALSE
1636,1,1,1637,0,0,0,208,1052,0,585,0,TRUE
1638,1,1,1639,0,0,0,337,1053,0,586,0,TRUE
1639,1,1,1640,0,0,0,395,1053,0,587,0,TRUE
1640,1,1,1641,0,0,0,395,1053,0,588,0,TRUE
1642,1,1,1643,0,0,0,327,1055,0,588,0,FALSE
1645,1,1,1646,0,0,0,196,1057,0,589,0,TRUE
1648,1,1,1649,0,0,0,395,1059,0,590,0,TRUE
1660,1,1,1661,0,0,0,196,1070,0,591,0,TRUE
1661,1,1,1662,0,0,0,208,1070,0,592,0,TRUE
1668,1,1,1669,0,0,0,395,1075,0,594,0,TRUE
1671,1,1,1672,0,0,0,395,1077,0,595,0,TRUE
1675,1,1,1676,0,0,0,215,1080,0,596,0,FALSE
1679,1,1,1680,0,0,0,409,1080,0,600,0,TRUE
1681,1,1,1682,0,0,0,395,1081,0,601,0,TRUE
1686,1,1,1687,0,0,0,395,1083,0,604,0,TRUE
1688,1,1,1689,0,0,0,395,1084,0,605,0,TRUE
1689,1,1,1690,0,0,0,395,1084,0,606,0,TRUE
1692,1,1,1693,0,0,0,407,1086,0,607,0,TRUE
1697,1,1,1698,0,0,0,384,1090,0,608,0,TRUE
1699,1,1,1700,0,0,0,395,1091,0,609,0,TRUE
1703,1,1,1704,0,0,0,395,1094,0,610,0,TRUE
1705,1,1,1706,0,0,0,262,1095,0,611,0,TRUE
1706,1,1,1707,0,0,0,359,1095,0,612,0,TRUE
1707,1,1,1708,0,0,0,395,1095,0,613,0,TRUE
1709,1,1,1710,0,0,0,395,1096,0,614,0,TRUE
1714,1,1,1715,0,0,0,409,1100,0,615,0,TRUE
1715,1,1,1716,0,0,0,196,1100,0,616,0,TRUE
1716,1,1,1717,0,0,0,395,1100,0,617,0,TRUE
1717,1,1,1718,0,0,0,415,1100,0,618,0,TRUE
1718,1,1,1719,0,0,0,395,1100,0,619,0,TRUE
1719,1,1,1720,0,0,0,330,1101,0,619,0,FALSE
1720,1,1,1721,0,0,0,208,1101,0,620,0,TRUE
1722,1,1,1723,0,0,0,359,1102,0,621,0,TRUE
1723,1,1,1724,0,0,0,395,1102,0,622,0,TRUE
1727,1,1,1728,0,0,0,395,1105,0,623,0,TRUE
1728,1,1,1729,0,0,0,337,1105,0,624,0,TRUE
1730,1,1,1731,0,0,0,407,1106,0,625,0,TRUE
1732,1,1,1733,0,0,0,223,1106,0,627,0,TRUE
1734,1,1,1735,0,0,0,196,1107,0,628,0,TRUE
1735,1,1,1736,0,0,0,395,1107,0,629,0,TRUE
1738,1,1,1739,0,0,0,328,1110,0,629,0,FALSE
1741,1,1,1742,0,0,0,395,1112,0,630,0,TRUE
1749,1,1,1750,0,0,0,395,1119,0,631,0,TRUE
1752,1,1,1753,0,0,0,395,1120,0,633,0,TRUE
1753,1,1,1754,0,0,0,395,1120,0,634,0,TRUE
1758,1,1,1759,0,0,0,395,1124,0,635,0,TRUE
1760,1,1,1761,0,0,0,222,1126,0,635,0,FALSE
1782,1,1,1783,0,0,0,395,1145,0,638,0,TRUE
1786,1,1,1787,0,0,0,409,1147,0,640,0,TRUE
1788,1,1,1789,0,0,0,416,1148,0,641,0,TRUE
1789,1,1,1790,0,0,0,206,1149,0,641,0,FALSE
1790,1,1,1791,0,0,0,409,1149,0,642,0,TRUE
1792,1,1,1793,0,0,0,196,1150,0,643,0,TRUE
1795,1,1,1796,0,0,0,330,1153,0,643,0,FALSE
1796,1,1,1797,0,0,0,395,1153,0,644,0,TRUE
1797,1,1,1798,0,0,0,267,1153,0,645,0,TRUE
1799,1,1,1800,0,0,0,223,1154,0,646,0,TRUE
1803,1,1,1804,0,0,0,223,1156,0,648,0,TRUE
1804,1,1,1805,0,0,0,359,1156,0,649,0,TRUE
1806,1,1,1807,0,0,0,223,1157,0,650,0,TRUE
1807,1,1,1808,0,0,0,395,1157,0,651,0,TRUE
1810,1,1,1811,0,0,0,409,1159,0,652,0,TRUE
1813,1,1,1814,0,0,0,409,1161,0,653,0,TRUE
1814,1,1,1815,0,0,0,395,1161,0,654,0,TRUE
1815,1,1,1816,0,0,0,322,1162,0,654,0,FALSE
1818,1,1,1819,0,0,0,395,1164,0,655,0,TRUE
1821,1,1,1822,0,0,0,395,1166,0,656,0,TRUE
1824,1,1,1825,0,0,0,409,1168,0,657,0,TRUE
1826,1,1,1827,0,0,0,290,1169,0,658,0,TRUE
1829,1,1,1830,0,0,0,290,1171,0,659,0,TRUE
1832,1,1,1833,0,0,0,267,1173,0,660,0,TRUE
1833,1,1,1834,0,0,0,409,1173,0,661,0,TRUE
1838,1,1,1839,0,0,0,223,1177,0,662,0,TRUE
1843,1,1,1844,0,0,0,267,1181,0,663,0,TRUE
1848,1,1,1849,0,0,0,415,1183,0,666,0,TRUE
1850,1,1,1851,0,0,0,330,1185,0,666,0,FALSE
1851,1,1,1852,0,0,0,409,1185,0,667,0,TRUE
1853,1,1,1854,0,0,0,255,1186,0,668,0,TRUE
1856,1,1,1857,0,0,0,395,1188,0,669,0,TRUE
1858,1,1,1859,0,0,0,223,1189,0,670,0,TRUE
1859,1,1,1860,0,0,0,255,1189,0,671,0,TRUE
1862,1,1,1863,0,0,0,395,1190,0,673,0,TRUE
1864,1,1,1865,0,0,0,409,1191,0,674,0,TRUE
1871,1,1,1872,0,0,0,223,1196,0,676,0,TRUE
1874,1,1,1875,0,0,0,409,1198,0,677,0,TRUE
1877,1,1,1878,0,0,0,395,1199,0,679,0,TRUE
1879,1,1,1880,0,0,0,395,1200,0,680,0,TRUE
1880,1,1,1881,0,0,0,409,1200,0,681,0,TRUE
1882,1,1,1883,0,0,0,395,1201,0,682,0,TRUE
1886,1,1,1887,0,0,0,196,1204,0,683,0,TRUE
1891,1,1,1892,0,0,0,395,1208,0,684,0,TRUE
1896,1,1,1897,0,0,0,290,1212,0,685,0,TRUE
1901,1,1,1902,0,0,0,395,1216,0,686,0,TRUE
1902,1,1,1903,0,0,0,395,1216,0,687,0,TRUE
1907,1,1,1908,0,0,0,329,1220,0,688,0,FALSE
1908,1,1,1909,0,0,0,328,1221,0,688,0,FALSE
1911,1,1,1912,0,0,0,395,1223,0,689,0,TRUE
1917,1,1,1918,0,0,0,255,1228,0,690,0,TRUE
1920,1,1,1921,0,0,0,395,1230,0,691,0,TRUE
1921,1,1,1922,0,0,0,395,1230,0,692,0,TRUE
1922,1,1,1923,0,0,0,196,1230,0,693,0,TRUE
1925,1,1,1926,0,0,0,409,1232,0,694,0,TRUE
1926,1,1,1927,0,0,0,395,1232,0,695,0,TRUE
1928,1,1,1929,0,0,0,409,1232,0,697,0,TRUE
1929,1,1,1930,0,0,0,395,1232,0,698,0,TRUE
1931,1,1,1932,0,0,0,223,1232,0,700,0,TRUE
1932,1,1,1933,0,0,0,395,1232,0,701,0,TRUE
1933,1,1,1934,0,0,0,395,1232,0,702,0,TRUE
1936,1,1,1937,0,0,0,409,1234,0,703,0,TRUE
1937,1,1,1938,0,0,0,290,1234,0,704,0,TRUE
1938,1,1,1939,0,0,0,409,1234,0,705,0,TRUE
1941,1,1,1942,0,0,0,395,1236,0,706,0,TRUE
1945,1,1,1946,0,0,0,395,1239,0,707,0,TRUE
1946,1,1,1947,0,0,0,395,1239,0,708,0,TRUE
1950,1,1,1951,0,0,0,395,1242,0,709,0,TRUE
1951,1,1,1952,0,0,0,223,1242,0,710,0,TRUE
1955,1,1,1956,0,0,0,290,1244,0,712,0,TRUE
1959,1,1,1960,0,0,0,395,1247,0,713,0,TRUE
1964,1,1,1965,0,0,0,329,1252,0,713,0,FALSE
1968,1,1,1969,0,0,0,253,1254,0,715,0,TRUE
1970,1,1,1971,0,0,0,223,1255,0,716,0,TRUE
1971,1,1,1972,0,0,0,266,1256,0,716,0,FALSE
1974,1,1,1975,0,0,0,395,1258,0,717,0,TRUE
1975,1,1,1976,0,0,0,395,1258,0,718,0,TRUE
1981,1,1,1982,0,0,0,223,1263,0,719,0,TRUE
1984,1,1,1985,0,0,0,407,1265,0,720,0,TRUE
1986,1,1,1987,0,0,0,395,1266,0,721,0,TRUE
1990,1,1,1991,0,0,0,395,1269,0,722,0,TRUE
1999,1,1,2000,0,0,0,395,1277,0,723,0,TRUE
2001,1,1,2002,0,0,0,395,1278,0,724,0,TRUE
2005,1,1,2006,0,0,0,395,1281,0,725,0,TRUE
2007,1,1,2008,0,0,0,395,1282,0,726,0,TRUE
2009,1,1,2010,0,0,0,395,1283,0,727,0,TRUE
2012,1,1,2013,0,0,0,290,1285,0,728,0,TRUE
2016,1,1,2017,0,0,0,255,1288,0,729,0,TRUE
2019,1,1,2020,0,0,0,395,1290,0,730,0,TRUE
2020,1,1,2021,0,0,0,329,1291,0,730,0,FALSE
2030,1,1,2031,0,0,0,395,1297,0,734,0,TRUE
2032,1,1,2033,0,0,0,223,1298,0,735,0,TRUE
2034,1,1,2035,0,0,0,409,1299,0,736,0,TRUE
2036,1,1,2037,0,0,0,196,1300,0,737,0,TRUE
2045,1,1,2046,0,0,0,395,1307,0,739,0,TRUE
2046,1,1,2047,0,0,0,395,1307,0,740,0,TRUE
2048,1,1,2049,0,0,0,395,1308,0,741,0,TRUE
2049,1,1,2050,0,0,0,409,1308,0,742,0,TRUE
2050,1,1,2051,0,0,0,395,1308,0,743,0,TRUE
2056,1,1,2057,0,0,0,395,1312,0,745,0,TRUE
2057,1,1,2058,0,0,0,395,1312,0,746,0,TRUE
2061,1,1,2062,0,0,0,223,1315,0,747,0,TRUE
2063,1,1,2064,0,0,0,409,1315,0,749,0,TRUE
2066,1,1,2067,0,0,0,322,1318,0,749,0,FALSE
2068,1,1,2069,0,0,0,223,1319,0,750,0,TRUE
2069,1,1,2070,0,0,0,303,1320,0,750,0,FALSE
2070,1,1,2071,0,0,0,384,1320,0,751,0,TRUE
2074,1,1,2075,0,0,0,416,1323,0,752,0,TRUE
2078,1,1,2079,0,0,0,395,1326,0,753,0,TRUE
2079,1,1,2080,0,0,0,266,1327,0,753,0,FALSE
2081,1,1,2082,0,0,0,395,1328,0,754,0,TRUE
2087,1,1,2088,0,0,0,223,1333,0,755,0,TRUE
2092,1,1,2093,0,0,0,255,1337,0,756,0,TRUE
2093,1,1,2094,0,0,0,395,1337,0,757,0,TRUE
2094,1,1,2095,0,0,0,223,1337,0,758,0,TRUE
2095,1,1,2096,0,0,0,196,1337,0,759,0,TRUE
2103,1,1,2104,0,0,0,223,1344,0,760,0,TRUE
2104,1,1,2105,0,0,0,395,1344,0,761,0,TRUE
2110,1,1,2111,0,0,0,255,1349,0,762,0,TRUE
2113,1,1,2114,0,0,0,407,1351,0,763,0,TRUE
2116,1,1,2117,0,0,0,395,1353,0,764,0,TRUE
2118,1,1,2119,0,0,0,395,1354,0,765,0,TRUE
2120,1,1,2121,0,0,0,215,1356,0,765,0,FALSE
2122,1,1,2123,0,0,0,395,1357,0,766,0,TRUE
2126,1,1,2127,0,0,0,223,1359,0,768,0,TRUE
2129,1,1,2130,0,0,0,328,1362,0,768,0,FALSE
2130,1,1,2131,0,0,0,395,1362,0,769,0,TRUE
2132,1,1,2133,0,0,0,395,1363,0,770,0,TRUE
2136,1,1,2137,0,0,0,206,1367,0,770,0,FALSE
2141,1,1,2142,0,0,0,395,1371,0,771,0,TRUE
2144,1,1,2145,0,0,0,395,1372,0,773,0,TRUE
2145,1,1,2146,0,0,0,431,1372,0,774,0,TRUE
2150,1,1,2151,0,0,0,395,1376,0,775,0,TRUE
2151,1,1,2152,0,0,0,395,1376,0,776,0,TRUE
2152,1,1,2153,0,0,0,322,1377,0,776,0,FALSE
2154,1,1,2155,0,0,0,395,1377,0,778,0,TRUE
2157,1,1,2158,0,0,0,395,1379,0,779,0,TRUE
2167,1,1,2168,0,0,0,243,1386,0,782,0,TRUE
2168,1,1,2169,0,0,0,359,1386,0,783,0,TRUE
2170,1,1,2171,0,0,0,395,1387,0,784,0,TRUE
2171,1,1,2172,0,0,0,395,1387,0,785,0,TRUE
2173,1,1,2174,0,0,0,255,1388,0,786,0,TRUE
2174,1,1,2175,0,0,0,395,1388,0,787,0,TRUE
2177,1,1,2178,0,0,0,223,1389,0,789,0,TRUE
2179,1,1,2180,0,0,0,266,1391,0,789,0,FALSE
2180,1,1,2181,0,0,0,290,1391,0,790,0,TRUE
2181,1,1,2182,0,0,0,290,1391,0,791,0,TRUE
2182,1,1,2183,0,0,0,395,1391,0,792,0,TRUE
2183,1,1,2184,0,0,0,395,1391,0,793,0,TRUE
2185,1,1,2186,0,0,0,359,1391,0,795,0,TRUE
2187,1,1,2188,0,0,0,328,1392,0,796,0,FALSE
2188,1,1,2189,0,0,0,329,1393,0,796,0,FALSE
2192,1,1,2193,0,0,0,215,1396,0,797,0,FALSE
2194,1,1,2195,0,0,0,201,1398,0,797,0,FALSE
2196,1,1,2197,0,0,0,395,1399,0,798,0,TRUE
2200,1,1,2201,0,0,0,395,1401,0,800,0,TRUE
2205,1,1,2206,0,0,0,395,1405,0,801,0,TRUE
2207,1,1,2208,0,0,0,223,1406,0,802,0,TRUE
2211,1,1,2212,0,0,0,395,1409,0,803,0,TRUE
2213,1,1,2214,0,0,0,223,1410,0,804,0,TRUE
2218,1,1,2219,0,0,0,395,1412,0,807,0,TRUE
2219,1,1,2220,0,0,0,395,1412,0,808,0,TRUE
2221,1,1,2222,0,0,0,223,1413,0,809,0,TRUE
2222,1,1,2223,0,0,0,395,1413,0,810,0,TRUE
2227,1,1,2228,0,0,0,395,1415,0,813,0,TRUE
2233,1,1,2234,0,0,0,359,1419,0,815,0,TRUE
2234,1,1,2235,0,0,0,201,1420,0,815,0,FALSE
2236,1,1,2237,0,0,0,395,1421,0,816,0,TRUE
2238,1,1,2239,0,0,0,395,1422,0,817,0,TRUE
2240,1,1,2241,0,0,0,395,1423,0,818,0,TRUE
2242,1,1,2243,0,0,0,395,1424,0,819,0,TRUE
2244,1,1,2245,0,0,0,395,1425,0,820,0,TRUE
2246,1,1,2247,0,0,0,328,1427,0,820,0,FALSE
2247,1,1,2248,0,0,0,322,1428,0,820,0,FALSE
2248,1,1,2249,0,0,0,255,1428,0,821,0,TRUE
2251,1,1,2252,0,0,0,407,1430,0,822,0,TRUE
2252,1,1,2253,0,0,0,255,1430,0,823,0,TRUE
2257,1,1,2258,0,0,0,395,1434,0,824,0,TRUE
2261,1,1,2262,0,0,0,328,1438,0,824,0,FALSE
2262,1,1,2263,0,0,0,223,1438,0,825,0,TRUE
2267,1,1,2268,0,0,0,208,1442,0,826,0,TRUE
2269,1,1,2270,0,0,0,327,1444,0,826,0,FALSE
2270,1,1,2271,0,0,0,337,1444,0,827,0,TRUE
2276,1,1,2277,0,0,0,431,1449,0,828,0,TRUE
2277,1,1,2278,0,0,0,330,1450,0,828,0,FALSE
2281,1,1,2282,0,0,0,395,1453,0,829,0,TRUE
2282,1,1,2283,0,0,0,395,1453,0,830,0,TRUE
2284,1,1,2285,0,0,0,409,1454,0,831,0,TRUE
2285,1,1,2286,0,0,0,395,1454,0,832,0,TRUE
2286,1,1,2287,0,0,0,395,1454,0,833,0,TRUE
2287,1,1,2288,0,0,0,395,1454,0,834,0,TRUE
2289,1,1,2290,0,0,0,327,1456,0,834,0,FALSE
2291,1,1,2292,0,0,0,395,1456,0,836,0,TRUE
2300,1,1,2301,0,0,0,223,1464,0,837,0,TRUE
2301,1,1,2302,0,0,0,395,1464,0,838,0,TRUE
2307,1,1,2308,0,0,0,395,1469,0,839,0,TRUE
2308,1,1,2309,0,0,0,290,1469,0,840,0,TRUE
2310,1,1,2311,0,0,0,395,1470,0,841,0,TRUE
2311,1,1,2312,0,0,0,196,1470,0,842,0,TRUE
2313,1,1,2314,0,0,0,255,1471,0,843,0,TRUE
2315,1,1,2316,0,0,0,395,1472,0,844,0,TRUE
2319,1,1,2320,0,0,0,223,1475,0,845,0,TRUE
2324,1,1,2325,0,0,0,196,1478,0,847,0,TRUE
2325,1,1,2326,0,0,0,395,1478,0,848,0,TRUE
2330,1,1,2331,0,0,0,395,1482,0,849,0,TRUE
2331,1,1,2332,0,0,0,395,1482,0,850,0,TRUE
2335,1,1,2336,0,0,0,329,1486,0,850,0,FALSE
2336,1,1,2337,0,0,0,395,1486,0,851,0,TRUE
2344,1,1,2345,0,0,0,290,1492,0,853,0,TRUE
2347,1,1,2348,0,0,0,409,1494,0,854,0,TRUE
2348,1,1,2349,0,0,0,217,1495,0,854,0,FALSE
2350,1,1,2351,0,0,0,328,1497,0,854,0,FALSE
2351,1,1,2352,0,0,0,395,1497,0,855,0,TRUE
2352,1,1,2353,0,0,0,266,1498,0,855,0,FALSE
2354,1,1,2355,0,0,0,395,1499,0,856,0,TRUE
2356,1,1,2357,0,0,0,363,1500,0,857,0,TRUE
2358,1,1,2359,0,0,0,395,1501,0,858,0,TRUE
2359,1,1,2360,0,0,0,395,1501,0,859,0,TRUE
2360,1,1,2361,0,0,0,196,1501,0,860,0,TRUE
2364,1,1,2365,0,0,0,215,1505,0,860,0,FALSE
2366,1,1,2367,0,0,0,395,1506,0,861,0,TRUE
2370,1,1,2371,0,0,0,215,1510,0,861,0,FALSE
2373,1,1,2374,0,0,0,395,1512,0,862,0,TRUE
2376,1,1,2377,0,0,0,395,1514,0,863,0,TRUE
2377,1,1,2378,0,0,0,409,1514,0,864,0,TRUE
2378,1,1,2379,0,0,0,395,1514,0,865,0,TRUE
2380,1,1,2381,0,0,0,395,1515,0,866,0,TRUE
2384,1,1,2385,0,0,0,395,1518,0,867,0,TRUE
2385,1,1,2386,0,0,0,327,1519,0,867,0,FALSE
2393,1,1,2394,0,0,0,409,1526,0,868,0,TRUE
2396,1,1,2397,0,0,0,395,1528,0,869,0,TRUE
2399,1,1,2400,0,0,0,329,1531,0,869,0,FALSE
2403,1,1,2404,0,0,0,223,1532,0,872,0,TRUE
2406,1,1,2407,0,0,0,359,1534,0,873,0,TRUE
2409,1,1,2410,0,0,0,409,1535,0,875,0,TRUE
2415,1,1,2416,0,0,0,409,1540,0,876,0,TRUE
2422,1,1,2423,0,0,0,267,1546,0,877,0,TRUE
2423,1,1,2424,0,0,0,395,1546,0,878,0,TRUE
2431,1,1,2432,0,0,0,395,1552,0,880,0,TRUE
2440,1,1,2441,0,0,0,395,1558,0,883,0,TRUE
2442,1,1,2443,0,0,0,395,1559,0,884,0,TRUE
2445,1,1,2446,0,0,0,337,1561,0,885,0,TRUE
2456,1,1,2457,0,0,0,395,1570,0,887,0,TRUE
2457,1,1,2458,0,0,0,328,1571,0,887,0,FALSE
2458,1,1,2459,0,0,0,223,1571,0,888,0,TRUE
2459,1,1,2460,0,0,0,395,1571,0,889,0,TRUE
2463,1,1,2464,0,0,0,395,1574,0,890,0,TRUE
2465,1,1,2466,0,0,0,395,1575,0,891,0,TRUE
2466,1,1,2467,0,0,0,255,1575,0,892,0,TRUE
2467,1,1,2468,0,0,0,328,1576,0,892,0,FALSE
2468,1,1,2469,0,0,0,395,1576,0,893,0,TRUE
2469,1,1,2470,0,0,0,395,1576,0,894,0,TRUE
2471,1,1,2472,0,0,0,267,1577,0,895,0,TRUE
2474,1,1,2475,0,0,0,395,1579,0,896,0,TRUE
2475,1,1,2476,0,0,0,395,1579,0,897,0,TRUE
2477,1,1,2478,0,0,0,395,1580,0,898,0,TRUE
2482,1,1,2483,0,0,0,337,1584,0,899,0,TRUE
2483,1,1,2484,0,0,0,395,1584,0,900,0,TRUE
2486,1,1,2487,0,0,0,409,1586,0,901,0,TRUE
2490,1,1,2491,0,0,0,255,1588,0,903,0,TRUE
2493,1,1,2494,0,0,0,395,1590,0,904,0,TRUE
2494,1,1,2495,0,0,0,395,1590,0,905,0,TRUE
2497,1,1,2498,0,0,0,395,1592,0,906,0,TRUE
2498,1,1,2499,0,0,0,243,1592,0,907,0,TRUE
2499,1,1,2500,0,0,0,223,1592,0,908,0,TRUE
2501,1,1,2502,0,0,0,255,1593,0,909,0,TRUE
2503,1,1,2504,0,0,0,223,1594,0,910,0,TRUE
2504,1,1,2505,0,0,0,395,1594,0,911,0,TRUE
2505,1,1,2506,0,0,0,223,1594,0,912,0,TRUE
2506,1,1,2507,0,0,0,395,1594,0,913,0,TRUE
2512,1,1,2513,0,0,0,395,1598,0,915,0,TRUE
2515,1,1,2516,0,0,0,290,1600,0,916,0,TRUE
2521,1,1,2522,0,0,0,409,1605,0,917,0,TRUE
2522,1,1,2523,0,0,0,330,1606,0,917,0,FALSE
2523,1,1,2524,0,0,0,409,1606,0,918,0,TRUE
2524,1,1,2525,0,0,0,409,1606,0,919,0,TRUE
2528,1,1,2529,0,0,0,395,1609,0,920,0,TRUE
2535,1,1,2536,0,0,0,359,1615,0,921,0,TRUE
2538,1,1,2539,0,0,0,409,1617,0,922,0,TRUE
2540,1,1,2541,0,0,0,395,1618,0,923,0,TRUE
2542,1,1,2543,0,0,0,395,1619,0,924,0,TRUE
2543,1,1,2544,0,0,0,395,1619,0,925,0,TRUE
2549,1,1,2550,0,0,0,409,1624,0,926,0,TRUE
2551,1,1,2552,0,0,0,359,1625,0,927,0,TRUE
2552,1,1,2553,0,0,0,395,1625,0,928,0,TRUE
2556,1,1,2557,0,0,0,409,1628,0,929,0,TRUE
2557,1,1,2558,0,0,0,395,1628,0,930,0,TRUE
2558,1,1,2559,0,0,0,328,1629,0,930,0,FALSE
2560,1,1,2561,0,0,0,395,1630,0,931,0,TRUE
2565,1,1,2566,0,0,0,395,1633,0,933,0,TRUE
2566,1,1,2567,0,0,0,395,1633,0,934,0,TRUE
2567,1,1,2568,0,0,0,206,1634,0,934,0,FALSE
2570,1,1,2571,0,0,0,409,1636,0,935,0,TRUE
2573,1,1,2574,0,0,0,223,1637,0,937,0,TRUE
2580,1,1,2581,0,0,0,395,1643,0,938,0,TRUE
2581,1,1,2582,0,0,0,395,1643,0,939,0,TRUE
2582,1,1,2583,0,0,0,395,1643,0,940,0,TRUE
2587,1,1,2588,0,0,0,243,1647,0,941,0,TRUE
2590,1,1,2591,0,0,0,266,1649,0,942,0,FALSE
2592,1,1,2593,0,0,0,267,1649,0,944,0,TRUE
2593,1,1,2594,0,0,0,395,1649,0,945,0,TRUE
2595,1,1,2596,0,0,0,409,1649,0,947,0,TRUE
2596,1,1,2597,0,0,0,196,1649,0,948,0,TRUE
2599,1,1,2600,0,0,0,243,1651,0,949,0,TRUE
2601,1,1,2602,0,0,0,395,1652,0,950,0,TRUE
2602,1,1,2603,0,0,0,395,1652,0,951,0,TRUE
2604,1,1,2605,0,0,0,196,1653,0,952,0,TRUE
2608,1,1,2609,0,0,0,395,1656,0,953,0,TRUE
2610,1,1,2611,0,0,0,395,1657,0,954,0,TRUE
2614,1,1,2615,0,0,0,395,1660,0,955,0,TRUE
2620,1,1,2621,0,0,0,328,1665,0,956,0,FALSE
2621,1,1,2622,0,0,0,395,1665,0,957,0,TRUE
2623,1,1,2624,0,0,0,409,1666,0,958,0,TRUE
2625,1,1,2626,0,0,0,267,1667,0,959,0,TRUE
2628,1,1,2629,0,0,0,395,1669,0,960,0,TRUE
2629,1,1,2630,0,0,0,395,1669,0,961,0,TRUE
2631,1,1,2632,0,0,0,395,1670,0,962,0,TRUE
2632,1,1,2633,0,0,0,215,1671,0,962,0,FALSE
2638,1,1,2639,0,0,0,395,1675,0,964,0,TRUE
2641,1,1,2642,0,0,0,395,1677,0,965,0,TRUE
2642,1,1,2643,0,0,0,395,1677,0,966,0,TRUE
2643,1,1,2644,0,0,0,337,1677,0,967,0,TRUE
2648,1,1,2649,0,0,0,328,1682,0,967,0,FALSE
2649,1,1,2650,0,0,0,395,1682,0,968,0,TRUE
2654,1,1,2655,0,0,0,409,1685,0,970,0,TRUE
2656,1,1,2657,0,0,0,266,1687,0,970,0,FALSE
2659,1,1,2660,0,0,0,395,1689,0,971,0,TRUE
2660,1,1,2661,0,0,0,432,1690,0,971,0,FALSE
2665,1,1,2666,0,0,0,409,1694,0,972,0,TRUE
2668,1,1,2669,0,0,0,409,1696,0,973,0,TRUE
2669,1,1,2670,0,0,0,223,1696,0,974,0,TRUE
2670,1,1,2671,0,0,0,395,1696,0,975,0,TRUE
2673,1,1,2674,0,0,0,395,1698,0,976,0,TRUE
2674,1,1,2675,0,0,0,201,1699,0,976,0,FALSE
2675,1,1,2676,0,0,0,255,1699,0,977,0,TRUE
2679,1,1,2680,0,0,0,337,1702,0,978,0,TRUE
2680,1,1,2681,0,0,0,255,1702,0,979,0,TRUE
2685,1,1,2686,0,0,0,409,1706,0,980,0,TRUE
2689,1,1,2690,0,0,0,266,1709,0,981,0,FALSE
2693,1,1,2694,0,0,0,409,1712,0,982,0,TRUE
2697,1,1,2698,0,0,0,303,1716,0,982,0,FALSE
2698,1,1,2699,0,0,0,416,1716,0,983,0,TRUE
2699,1,1,2700,0,0,0,409,1716,0,984,0,TRUE
2700,1,1,2701,0,0,0,395,1716,0,985,0,TRUE
2702,1,1,2703,0,0,0,255,1717,0,986,0,TRUE
2704,1,1,2705,0,0,0,337,1718,0,987,0,TRUE
2711,1,1,2712,0,0,0,395,1724,0,988,0,TRUE
2712,1,1,2713,0,0,0,431,1724,0,989,0,TRUE
2716,1,1,2717,0,0,0,395,1726,0,991,0,TRUE
2717,1,1,2718,0,0,0,395,1726,0,992,0,TRUE
2719,1,1,2720,0,0,0,395,1726,0,994,0,TRUE
2721,1,1,2722,0,0,0,395,1727,0,995,0,TRUE
2723,1,1,2724,0,0,0,409,1728,0,996,0,TRUE
2726,1,1,2727,0,0,0,196,1729,0,998,0,TRUE
2729,1,1,2730,0,0,0,395,1731,0,999,0,TRUE
2731,1,1,2732,0,0,0,395,1732,0,1000,0,TRUE
2734,1,1,2735,0,0,0,409,1734,0,1001,0,TRUE
2736,1,1,2737,0,0,0,303,1736,0,1001,0,FALSE
2738,1,1,2739,0,0,0,395,1737,0,1002,0,TRUE
2739,1,1,2740,0,0,0,395,1737,0,1003,0,TRUE
2740,1,1,2741,0,0,0,395,1737,0,1004,0,TRUE
2741,1,1,2742,0,0,0,431,1737,0,1005,0,TRUE
2743,1,1,2744,0,0,0,395,1738,0,1006,0,TRUE
2744,1,1,2745,0,0,0,329,1739,0,1006,0,FALSE
2746,1,1,2747,0,0,0,395,1740,0,1007,0,TRUE
2749,1,1,2750,0,0,0,267,1742,0,1008,0,TRUE
2754,1,1,2755,0,0,0,328,1747,0,1008,0,FALSE
2755,1,1,2756,0,0,0,395,1747,0,1009,0,TRUE
2757,1,1,2758,0,0,0,223,1748,0,1010,0,TRUE
2759,1,1,2760,0,0,0,432,1750,0,1010,0,FALSE
2761,1,1,2762,0,0,0,395,1751,0,1011,0,TRUE
2765,1,1,2766,0,0,0,395,1754,0,1012,0,TRUE
2766,1,1,2767,0,0,0,395,1754,0,1013,0,TRUE
2767,1,1,2768,0,0,0,395,1754,0,1014,0,TRUE
2774,1,1,2775,0,0,0,395,1759,0,1016,0,TRUE
2775,1,1,2776,0,0,0,215,1760,0,1016,0,FALSE
2776,1,1,2777,0,0,0,395,1760,0,1017,0,TRUE
2778,1,1,2779,0,0,0,409,1761,0,1018,0,TRUE
2779,1,1,2780,0,0,0,196,1761,0,1019,0,TRUE
2783,1,1,2784,0,0,0,409,1764,0,1020,0,TRUE
2788,1,1,2789,0,0,0,215,1768,0,1021,0,FALSE
2790,1,1,2791,0,0,0,243,1769,0,1022,0,TRUE
2791,1,1,2792,0,0,0,395,1769,0,1023,0,TRUE
2797,1,1,2798,0,0,0,223,1773,0,1025,0,TRUE
2798,1,1,2799,0,0,0,409,1773,0,1026,0,TRUE
2802,1,1,2803,0,0,0,395,1776,0,1027,0,TRUE
2807,1,1,2808,0,0,0,409,1780,0,1028,0,TRUE
2808,1,1,2809,0,0,0,395,1780,0,1029,0,TRUE
2811,1,1,2812,0,0,0,337,1782,0,1030,0,TRUE
2813,1,1,2814,0,0,0,395,1783,0,1031,0,TRUE
2814,1,1,2815,0,0,0,395,1783,0,1032,0,TRUE
2819,1,1,2820,0,0,0,395,1787,0,1033,0,TRUE
2821,1,1,2822,0,0,0,395,1788,0,1034,0,TRUE
2831,1,1,2832,0,0,0,395,1797,0,1035,0,TRUE
2832,1,1,2833,0,0,0,223,1797,0,1036,0,TRUE
2833,1,1,2834,0,0,0,266,1798,0,1036,0,FALSE
2834,1,1,2835,0,0,0,327,1799,0,1036,0,FALSE
2835,1,1,2836,0,0,0,409,1799,0,1037,0,TRUE
2836,1,1,2837,0,0,0,395,1799,0,1038,0,TRUE
2837,1,1,2838,0,0,0,395,1799,0,1039,0,TRUE
2840,1,1,2841,0,0,0,395,1801,0,1040,0,TRUE
2842,1,1,2843,0,0,0,395,1802,0,1041,0,TRUE
2843,1,1,2844,0,0,0,409,1802,0,1042,0,TRUE
2845,1,1,2846,0,0,0,395,1803,0,1043,0,TRUE
2846,1,1,2847,0,0,0,395,1803,0,1044,0,TRUE
2847,1,1,2848,0,0,0,196,1803,0,1045,0,TRUE
2848,1,1,2849,0,0,0,327,1804,0,1045,0,FALSE
2849,1,1,2850,0,0,0,395,1804,0,1046,0,TRUE
2850,1,1,2851,0,0,0,328,1805,0,1046,0,FALSE
2853,1,1,2854,0,0,0,395,1807,0,1047,0,TRUE
2859,1,1,2860,0,0,0,196,1812,0,1048,0,TRUE
2860,1,1,2861,0,0,0,395,1812,0,1049,0,TRUE
2864,1,1,2865,0,0,0,196,1815,0,1050,0,TRUE
2866,1,1,2867,0,0,0,208,1816,0,1051,0,TRUE
2868,1,1,2869,0,0,0,223,1817,0,1052,0,TRUE
2870,1,1,2871,0,0,0,395,1818,0,1053,0,TRUE
2871,1,1,2872,0,0,0,328,1819,0,1053,0,FALSE
2873,1,1,2874,0,0,0,395,1820,0,1054,0,TRUE
2877,1,1,2878,0,0,0,409,1823,0,1055,0,TRUE
2879,1,1,2880,0,0,0,395,1824,0,1056,0,TRUE
2881,1,1,2882,0,0,0,223,1824,0,1058,0,TRUE
2886,1,1,2887,0,0,0,395,1828,0,1059,0,TRUE
2887,1,1,2888,0,0,0,223,1828,0,1060,0,TRUE
2891,1,1,2892,0,0,0,255,1831,0,1061,0,TRUE
2892,1,1,2893,0,0,0,395,1831,0,1062,0,TRUE
2895,1,1,2896,0,0,0,267,1833,0,1063,0,TRUE
2899,1,1,2900,0,0,0,223,1836,0,1064,0,TRUE
2900,1,1,2901,0,0,0,431,1836,0,1065,0,TRUE
2902,1,1,2903,0,0,0,395,1836,0,1067,0,TRUE
2903,1,1,2904,0,0,0,409,1836,0,1068,0,TRUE
2905,1,1,2906,0,0,0,290,1837,0,1069,0,TRUE
2906,1,1,2907,0,0,0,395,1837,0,1070,0,TRUE
2910,1,1,2911,0,0,0,395,1840,0,1071,0,TRUE
2911,1,1,2912,0,0,0,395,1840,0,1072,0,TRUE
2913,1,1,2914,0,0,0,395,1841,0,1073,0,TRUE
2920,1,1,2921,0,0,0,395,1847,0,1074,0,TRUE
2923,1,1,2924,0,0,0,395,1849,0,1075,0,TRUE
2926,1,1,2927,0,0,0,395,1851,0,1076,0,TRUE
2928,1,1,2929,0,0,0,395,1852,0,1077,0,TRUE
2933,1,1,2934,0,0,0,395,1855,0,1079,0,TRUE
2934,1,1,2935,0,0,0,223,1855,0,1080,0,TRUE
2935,1,1,2936,0,0,0,395,1855,0,1081,0,TRUE
2939,1,1,2940,0,0,0,395,1858,0,1082,0,TRUE
2941,1,1,2942,0,0,0,395,1859,0,1083,0,TRUE
2943,1,1,2944,0,0,0,330,1861,0,1083,0,FALSE
2944,1,1,2945,0,0,0,395,1861,0,1084,0,TRUE
2945,1,1,2946,0,0,0,322,1862,0,1084,0,FALSE
2946,1,1,2947,0,0,0,409,1862,0,1085,0,TRUE
2948,1,1,2949,0,0,0,395,1863,0,1086,0,TRUE
2950,1,1,2951,0,0,0,395,1864,0,1087,0,TRUE
2951,1,1,2952,0,0,0,395,1864,0,1088,0,TRUE
2952,1,1,2953,0,0,0,395,1864,0,1089,0,TRUE
2953,1,1,2954,0,0,0,395,1864,0,1090,0,TRUE
2954,1,1,2955,0,0,0,395,1864,0,1091,0,TRUE
2957,1,1,2958,0,0,0,223,1866,0,1092,0,TRUE
2958,1,1,2959,0,0,0,395,1866,0,1093,0,TRUE
2959,1,1,2960,0,0,0,223,1866,0,1094,0,TRUE
2960,1,1,2961,0,0,0,409,1866,0,1095,0,TRUE
2965,1,1,2966,0,0,0,395,1870,0,1096,0,TRUE
2966,1,1,2967,0,0,0,395,1870,0,1097,0,TRUE
2969,1,1,2970,0,0,0,266,1873,0,1097,0,FALSE
2980,1,1,2981,0,0,0,223,1881,0,1100,0,TRUE
2982,1,1,2983,0,0,0,395,1882,0,1101,0,TRUE
2985,1,1,2986,0,0,0,222,1885,0,1101,0,FALSE
2987,1,1,2988,0,0,0,262,1886,0,1102,0,TRUE
2990,1,1,2991,0,0,0,395,1887,0,1104,0,TRUE
2997,1,1,2998,0,0,0,329,1894,0,1104,0,FALSE
3003,1,1,3004,0,0,0,255,1899,0,1105,0,TRUE
3004,1,1,3005,0,0,0,395,1899,0,1106,0,TRUE
3006,1,1,3007,0,0,0,303,1901,0,1106,0,FALSE
3008,1,1,3009,0,0,0,215,1903,0,1106,0,FALSE
3010,1,1,3011,0,0,0,395,1904,0,1107,0,TRUE
3012,1,1,3013,0,0,0,328,1906,0,1107,0,FALSE
3014,1,1,3015,0,0,0,267,1907,0,1108,0,TRUE
3015,1,1,3016,0,0,0,395,1907,0,1109,0,TRUE
3019,1,1,3020,0,0,0,395,1910,0,1110,0,TRUE
3020,1,1,3021,0,0,0,327,1911,0,1110,0,FALSE
3022,1,1,3023,0,0,0,328,1913,0,1110,0,FALSE
3030,1,1,3031,0,0,0,395,1918,0,1113,0,TRUE
3031,1,1,3032,0,0,0,395,1918,0,1114,0,TRUE
3033,1,1,3034,0,0,0,395,1919,0,1115,0,TRUE
3035,1,1,3036,0,0,0,395,1920,0,1116,0,TRUE
3036,1,1,3037,0,0,0,395,1920,0,1117,0,TRUE
3038,1,1,3039,0,0,0,223,1921,0,1118,0,TRUE
3041,1,1,3042,0,0,0,395,1923,0,1119,0,TRUE
3042,1,1,3043,0,0,0,395,1923,0,1120,0,TRUE
3043,1,1,3044,0,0,0,328,1924,0,1120,0,FALSE
3044,1,1,3045,0,0,0,223,1924,0,1121,0,TRUE
3049,1,1,3050,0,0,0,409,1928,0,1122,0,TRUE
3050,1,1,3051,0,0,0,409,1928,0,1123,0,TRUE
3058,1,1,3059,0,0,0,395,1934,0,1125,0,TRUE
3059,1,1,3060,0,0,0,328,1935,0,1125,0,FALSE
3063,1,1,3064,0,0,0,395,1938,0,1126,0,TRUE
3064,1,1,3065,0,0,0,215,1939,0,1126,0,FALSE
3069,1,1,3070,0,0,0,303,1943,0,1127,0,FALSE
3070,1,1,3071,0,0,0,395,1943,0,1128,0,TRUE
3073,1,1,3074,0,0,0,223,1944,0,1130,0,TRUE
3075,1,1,3076,0,0,0,409,1945,0,1131,0,TRUE
3079,1,1,3080,0,0,0,395,1948,0,1132,0,TRUE
3081,1,1,3082,0,0,0,328,1949,0,1133,0,FALSE
3083,1,1,3084,0,0,0,223,1950,0,1134,0,TRUE
3085,1,1,3086,0,0,0,255,1951,0,1135,0,TRUE
3090,1,1,3091,0,0,0,409,1955,0,1136,0,TRUE
3095,1,1,3096,0,0,0,255,1959,0,1137,0,TRUE
3096,1,1,3097,0,0,0,255,1959,0,1138,0,TRUE
3097,1,1,3098,0,0,0,253,1959,0,1139,0,TRUE
3099,1,1,3100,0,0,0,223,1960,0,1140,0,TRUE
3100,1,1,3101,0,0,0,395,1960,0,1141,0,TRUE
3101,1,1,3102,0,0,0,395,1960,0,1142,0,TRUE
3105,1,1,3106,0,0,0,223,1963,0,1143,0,TRUE
3106,1,1,3107,0,0,0,395,1963,0,1144,0,TRUE
3107,1,1,3108,0,0,0,409,1963,0,1145,0,TRUE
3108,1,1,3109,0,0,0,395,1963,0,1146,0,TRUE
3111,1,1,3112,0,0,0,328,1966,0,1146,0,FALSE
3114,1,1,3115,0,0,0,409,1968,0,1147,0,TRUE
3115,1,1,3116,0,0,0,395,1968,0,1148,0,TRUE
3118,1,1,3119,0,0,0,206,1971,0,1148,0,FALSE
3120,1,1,3121,0,0,0,395,1972,0,1149,0,TRUE
3121,1,1,3122,0,0,0,395,1972,0,1150,0,TRUE
3123,1,1,3124,0,0,0,389,1974,0,1150,0,FALSE
3125,1,1,3126,0,0,0,409,1975,0,1151,0,TRUE
3130,1,1,3131,0,0,0,196,1979,0,1152,0,TRUE
3131,1,1,3132,0,0,0,243,1979,0,1153,0,TRUE
3133,1,1,3134,0,0,0,409,1980,0,1154,0,TRUE
3139,1,1,3140,0,0,0,206,1986,0,1154,0,FALSE
3141,1,1,3142,0,0,0,322,1988,0,1154,0,FALSE
3144,1,1,3145,0,0,0,409,1989,0,1156,0,TRUE
3147,1,1,3148,0,0,0,395,1991,0,1157,0,TRUE
3148,1,1,3149,0,0,0,222,1992,0,1157,0,FALSE
3150,1,1,3151,0,0,0,329,1994,0,1157,0,FALSE
3153,1,1,3154,0,0,0,337,1996,0,1158,0,TRUE
3154,1,1,3155,0,0,0,208,1996,0,1159,0,TRUE
3156,1,1,3157,0,0,0,196,1997,0,1160,0,TRUE
3158,1,1,3159,0,0,0,395,1998,0,1161,0,TRUE
3159,1,1,3160,0,0,0,395,1998,0,1162,0,TRUE
3166,1,1,3167,0,0,0,395,2004,0,1163,0,TRUE
3167,1,1,3168,0,0,0,395,2004,0,1164,0,TRUE
3168,1,1,3169,0,0,0,196,2004,0,1165,0,TRUE
3172,1,1,3173,0,0,0,196,2007,0,1166,0,TRUE
3173,1,1,3174,0,0,0,196,2007,0,1167,0,TRUE
3174,1,1,3175,0,0,0,395,2007,0,1168,0,TRUE
3176,1,1,3177,0,0,0,407,2008,0,1169,0,TRUE
3178,1,1,3179,0,0,0,266,2010,0,1169,0,FALSE
3180,1,1,3181,0,0,0,266,2012,0,1169,0,FALSE
3182,1,1,3183,0,0,0,395,2013,0,1170,0,TRUE
3183,1,1,3184,0,0,0,201,2014,0,1170,0,FALSE
3185,1,1,3186,0,0,0,395,2015,0,1171,0,TRUE
3188,1,1,3189,0,0,0,395,2017,0,1172,0,TRUE
3190,1,1,3191,0,0,0,201,2019,0,1172,0,FALSE
3192,1,1,3193,0,0,0,255,2020,0,1173,0,TRUE
3196,1,1,3197,0,0,0,409,2023,0,1174,0,TRUE
3198,1,1,3199,0,0,0,255,2024,0,1175,0,TRUE
3203,1,1,3204,0,0,0,409,2026,0,1178,0,TRUE
3210,1,1,3211,0,0,0,303,2033,0,1178,0,FALSE
3213,1,1,3214,0,0,0,223,2035,0,1179,0,TRUE
3214,1,1,3215,0,0,0,328,2036,0,1179,0,FALSE
3215,1,1,3216,0,0,0,409,2036,0,1180,0,TRUE
3216,1,1,3217,0,0,0,395,2036,0,1181,0,TRUE
3218,1,1,3219,0,0,0,359,2036,0,1183,0,TRUE
3221,1,1,3222,0,0,0,255,2038,0,1184,0,TRUE
3224,1,1,3225,0,0,0,395,2040,0,1185,0,TRUE
3225,1,1,3226,0,0,0,395,2040,0,1186,0,TRUE
3228,1,1,3229,0,0,0,395,2042,0,1187,0,TRUE
3229,1,1,3230,0,0,0,395,2042,0,1188,0,TRUE
3230,1,1,3231,0,0,0,395,2042,0,1189,0,TRUE
3233,1,1,3234,0,0,0,389,2045,0,1189,0,FALSE
3235,1,1,3236,0,0,0,395,2046,0,1190,0,TRUE
3236,1,1,3237,0,0,0,395,2046,0,1191,0,TRUE
3237,1,1,3238,0,0,0,337,2046,0,1192,0,TRUE
3239,1,1,3240,0,0,0,395,2047,0,1193,0,TRUE
3240,1,1,3241,0,0,0,327,2048,0,1193,0,FALSE
3243,1,1,3244,0,0,0,395,2049,0,1195,0,TRUE
3244,1,1,3245,0,0,0,223,2049,0,1196,0,TRUE
3248,1,1,3249,0,0,0,359,2052,0,1197,0,TRUE
3250,1,1,3251,0,0,0,395,2053,0,1198,0,TRUE
3260,1,1,3261,0,0,0,395,2061,0,1200,0,TRUE
3263,1,1,3264,0,0,0,395,2062,0,1202,0,TRUE
3266,1,1,3267,0,0,0,253,2064,0,1203,0,TRUE
3269,1,1,3270,0,0,0,395,2065,0,1205,0,TRUE
3275,1,1,3276,0,0,0,201,2070,0,1206,0,FALSE
3277,1,1,3278,0,0,0,290,2070,0,1208,0,TRUE
3279,1,1,3280,0,0,0,395,2071,0,1209,0,TRUE
3283,1,1,3284,0,0,0,395,2074,0,1210,0,TRUE
3286,1,1,3287,0,0,0,395,2076,0,1211,0,TRUE
3287,1,1,3288,0,0,0,409,2076,0,1212,0,TRUE
3288,1,1,3289,0,0,0,196,2076,0,1213,0,TRUE
3291,1,1,3292,0,0,0,262,2078,0,1214,0,TRUE
3292,1,1,3293,0,0,0,395,2078,0,1215,0,TRUE
3293,1,1,3294,0,0,0,395,2078,0,1216,0,TRUE
3296,1,1,3297,0,0,0,395,2080,0,1217,0,TRUE
3297,1,1,3298,0,0,0,431,2080,0,1218,0,TRUE
3298,1,1,3299,0,0,0,395,2080,0,1219,0,TRUE
3300,1,1,3301,0,0,0,201,2082,0,1219,0,FALSE
3304,1,1,3305,0,0,0,409,2084,0,1221,0,TRUE
3305,1,1,3306,0,0,0,290,2084,0,1222,0,TRUE
3306,1,1,3307,0,0,0,395,2084,0,1223,0,TRUE
3307,1,1,3308,0,0,0,395,2084,0,1224,0,TRUE
3312,1,1,3313,0,0,0,395,2088,0,1225,0,TRUE
3313,1,1,3314,0,0,0,328,2089,0,1225,0,FALSE
3317,1,1,3318,0,0,0,329,2093,0,1225,0,FALSE
3320,1,1,3321,0,0,0,395,2095,0,1226,0,TRUE
3323,1,1,3324,0,0,0,196,2096,0,1228,0,TRUE
3327,1,1,3328,0,0,0,206,2100,0,1228,0,FALSE
3342,1,1,3343,0,0,0,330,2113,0,1230,0,FALSE
3347,1,1,3348,0,0,0,395,2117,0,1231,0,TRUE
3354,1,1,3355,0,0,0,267,2121,0,1234,0,TRUE
3358,1,1,3359,0,0,0,223,2123,0,1236,0,TRUE
